{
    "dfrcde23t44h501u": {
        "nome": "Mario",
        "cognome": "Retti",
        "data nascita": "22/05/2010",
        "codice fiscale": "dfrcde23t44h501u"
    },
    "bfrcde23t44h501a": {
        "nome": "Maria",
        "cognome": "Retti",
        "data nascita": "22/05/2010",
        "codice fiscale": "bfrcde23t44h501a"
    },
    "sfrcde23t44h501i": {
        "nome": "Carlo",
        "cognome": "Retti",
        "data nascita": "22/05/2010",
        "codice fiscale": "sfrcde23t44h501i"
    },
    "wwwwwwwwwwwwww": {
        "nome": "Giulio",
        "cognome": "Garibaldi",
        "data nascita": "21/09/1892",
        "codice fiscale": "wwwwwwwwwwwwww"
    },
    "aaaaaaaaaaaaaaa": {
        "nome": "Silvia",
        "cognome": "ciao",
        "data nascita": "23/09/1990",
        "codice fiscale": "aaaaaaaaaaaaaaa"
    },
    "dflmfv": {
        "nome": "cijois",
        "cognome": "cikvj",
        "data nascita": "sdfoplkcv",
        "codice fiscale": "dflmfv"
    },
    "vsdjknvlk": {
        "nome": "dscjkhvd+",
        "cognome": "sdvlkjnsdvl",
        "data nascita": "vskdnvls",
        "codice fiscale": "vsdjknvlk"
    },
    "fihvo": {
        "nome": "maru",
        "cognome": "raf",
        "data nascita": "02)07/04",
        "codice fiscale": "fihvo"
    },
    "c": {
        "nome": "dcf",
        "cognome": "er",
        "data nascita": "ev",
        "codice fiscale": "c"
    },
    "maru": {
        "nome": "maru",
        "cognome": "maru",
        "data nascita": "maru",
        "codice fiscale": "maru"
    }
}